{
  "accuracy": 0.964823636976084,
  "precision": 0.9722602739726027,
  "recall": 0.9458078845086063,
  "f1": 0.9588516746411483,
  "model": "RandomForest"
}